{
    "name": "root",
    "gauges": {
        "IARedNeuronal.Policy.Entropy.mean": {
            "value": 0.8150805234909058,
            "min": 0.8150805234909058,
            "max": 1.3794984817504883,
            "count": 100
        },
        "IARedNeuronal.Policy.Entropy.sum": {
            "value": 200097.375,
            "min": 52693.94140625,
            "max": 697437.0,
            "count": 100
        },
        "IARedNeuronal.Step.mean": {
            "value": 4999966.0,
            "min": 49940.0,
            "max": 4999966.0,
            "count": 100
        },
        "IARedNeuronal.Step.sum": {
            "value": 4999966.0,
            "min": 49940.0,
            "max": 4999966.0,
            "count": 100
        },
        "IARedNeuronal.Policy.ExtrinsicValueEstimate.mean": {
            "value": -0.017093300819396973,
            "min": -0.06616326421499252,
            "max": 0.06269042938947678,
            "count": 100
        },
        "IARedNeuronal.Policy.ExtrinsicValueEstimate.sum": {
            "value": -13.418240547180176,
            "min": -52.00432586669922,
            "max": 49.0239143371582,
            "count": 100
        },
        "IARedNeuronal.Policy.GailValueEstimate.mean": {
            "value": 1.58566415309906,
            "min": 1.382751703262329,
            "max": 4.922701835632324,
            "count": 100
        },
        "IARedNeuronal.Policy.GailValueEstimate.sum": {
            "value": 1244.746337890625,
            "min": 1082.694580078125,
            "max": 3879.0888671875,
            "count": 100
        },
        "IARedNeuronal.Losses.PolicyLoss.mean": {
            "value": 0.0230099426349625,
            "min": 0.021057300036773086,
            "max": 0.029077481629792602,
            "count": 100
        },
        "IARedNeuronal.Losses.PolicyLoss.sum": {
            "value": 0.09203977053985,
            "min": 0.06993617897646295,
            "max": 0.13369030750243727,
            "count": 100
        },
        "IARedNeuronal.Losses.ValueLoss.mean": {
            "value": 0.3159169424325228,
            "min": 0.07809261385012757,
            "max": 0.9890667975851983,
            "count": 100
        },
        "IARedNeuronal.Losses.ValueLoss.sum": {
            "value": 1.263667769730091,
            "min": 0.3123704554005103,
            "max": 3.9562671903407933,
            "count": 100
        },
        "IARedNeuronal.Policy.LearningRate.mean": {
            "value": 1.5425494858500055e-06,
            "min": 1.5425494858500055e-06,
            "max": 0.0002980828806390399,
            "count": 100
        },
        "IARedNeuronal.Policy.LearningRate.sum": {
            "value": 6.170197943400022e-06,
            "min": 6.170197943400022e-06,
            "max": 0.0012378715473761797,
            "count": 100
        },
        "IARedNeuronal.Policy.Epsilon.mean": {
            "value": 0.10051415,
            "min": 0.10051415,
            "max": 0.19936096,
            "count": 100
        },
        "IARedNeuronal.Policy.Epsilon.sum": {
            "value": 0.4020566,
            "min": 0.4020566,
            "max": 0.9126238200000002,
            "count": 100
        },
        "IARedNeuronal.Policy.Beta.mean": {
            "value": 3.5656085000000106e-05,
            "min": 3.5656085000000106e-05,
            "max": 0.004968111904000001,
            "count": 100
        },
        "IARedNeuronal.Policy.Beta.sum": {
            "value": 0.00014262434000000043,
            "min": 0.00014262434000000043,
            "max": 0.020639928618,
            "count": 100
        },
        "IARedNeuronal.Policy.GAILPolicyEstimate.mean": {
            "value": 0.1756022833287716,
            "min": 0.1756022833287716,
            "max": 0.4919637887566178,
            "count": 100
        },
        "IARedNeuronal.Policy.GAILPolicyEstimate.sum": {
            "value": 0.7024091333150864,
            "min": 0.7024091333150864,
            "max": 1.9449389324043738,
            "count": 100
        },
        "IARedNeuronal.Policy.GAILExpertEstimate.mean": {
            "value": 0.7918920829892159,
            "min": 0.5704655888534728,
            "max": 0.8041624553275831,
            "count": 100
        },
        "IARedNeuronal.Policy.GAILExpertEstimate.sum": {
            "value": 3.1675683319568635,
            "min": 1.7394939956210909,
            "max": 4.0208122766379155,
            "count": 100
        },
        "IARedNeuronal.Losses.GAILLoss.mean": {
            "value": 0.5093161270022393,
            "min": 0.5093161270022393,
            "max": 1.2817519346872965,
            "count": 100
        },
        "IARedNeuronal.Losses.GAILLoss.sum": {
            "value": 2.037264508008957,
            "min": 2.037264508008957,
            "max": 4.879001048658833,
            "count": 100
        },
        "IARedNeuronal.Policy.GAILGradMagLoss.mean": {
            "value": 0.08214124996835986,
            "min": 0.08037608434756596,
            "max": 4.597829302593513,
            "count": 100
        },
        "IARedNeuronal.Policy.GAILGradMagLoss.sum": {
            "value": 0.32856499987343946,
            "min": 0.32856499987343946,
            "max": 13.79348790778054,
            "count": 100
        },
        "IARedNeuronal.Losses.PretrainingLoss.mean": {
            "value": 0.0,
            "min": 0.0,
            "max": 1.0348960684117487,
            "count": 100
        },
        "IARedNeuronal.Losses.PretrainingLoss.sum": {
            "value": 0.0,
            "min": 0.0,
            "max": 3.104688205235246,
            "count": 100
        },
        "IARedNeuronal.Environment.EpisodeLength.mean": {
            "value": 2498.0227272727275,
            "min": 143.0,
            "max": 7125.366972477064,
            "count": 99
        },
        "IARedNeuronal.Environment.EpisodeLength.sum": {
            "value": 109913.0,
            "min": 143.0,
            "max": 776665.0,
            "count": 99
        },
        "IARedNeuronal.Self-play.ELO.mean": {
            "value": 1290.3834191547714,
            "min": 1162.1092482659797,
            "max": 1290.3834191547714,
            "count": 99
        },
        "IARedNeuronal.Self-play.ELO.sum": {
            "value": 9032.6839340834,
            "min": 1178.4197566082971,
            "max": 27119.384299770933,
            "count": 99
        },
        "IARedNeuronal.Environment.CumulativeReward.mean": {
            "value": -1.425651287926095,
            "min": -2.9975143373012543,
            "max": 0.009181875735521317,
            "count": 99
        },
        "IARedNeuronal.Environment.CumulativeReward.sum": {
            "value": -9.979559015482664,
            "min": -19.955221481621265,
            "max": 0.009181875735521317,
            "count": 99
        },
        "IARedNeuronal.Policy.ExtrinsicReward.mean": {
            "value": -1.425651287926095,
            "min": -2.9975143373012543,
            "max": 0.009181875735521317,
            "count": 99
        },
        "IARedNeuronal.Policy.ExtrinsicReward.sum": {
            "value": -9.979559015482664,
            "min": -19.955221481621265,
            "max": 0.009181875735521317,
            "count": 99
        },
        "IARedNeuronal.Policy.GailReward.mean": {
            "value": 474.27086869307925,
            "min": 32.85875344276428,
            "max": 1924.2262504577636,
            "count": 99
        },
        "IARedNeuronal.Policy.GailReward.sum": {
            "value": 3319.896080851555,
            "min": 65.71750688552856,
            "max": 19242.262504577637,
            "count": 99
        },
        "IARedNeuronal.IsTraining.mean": {
            "value": 1.0,
            "min": 1.0,
            "max": 1.0,
            "count": 100
        },
        "IARedNeuronal.IsTraining.sum": {
            "value": 1.0,
            "min": 1.0,
            "max": 1.0,
            "count": 100
        }
    },