{
    "name": "root",
    "gauges": {
        "IARedNeuronal.Policy.Entropy.mean": {
            "value": 1.3208882808685303,
            "min": 1.3207687139511108,
            "max": 1.4235239028930664,
            "count": 100
        },
        "IARedNeuronal.Policy.Entropy.sum": {
            "value": 64903.16796875,
            "min": 63383.9140625,
            "max": 76379.09375,
            "count": 100
        },
        "IARedNeuronal.Step.mean": {
            "value": 4999972.0,
            "min": 49984.0,
            "max": 4999972.0,
            "count": 100
        },
        "IARedNeuronal.Step.sum": {
            "value": 4999972.0,
            "min": 49984.0,
            "max": 4999972.0,
            "count": 100
        },
        "IARedNeuronal.Policy.ExtrinsicValueEstimate.mean": {
            "value": 0.24970905482769012,
            "min": -0.2279670536518097,
            "max": 0.28716424107551575,
            "count": 100
        },
        "IARedNeuronal.Policy.ExtrinsicValueEstimate.sum": {
            "value": 197.7695770263672,
            "min": -178.04226684570312,
            "max": 224.90093994140625,
            "count": 100
        },
        "IARedNeuronal.Losses.PolicyLoss.mean": {
            "value": 0.15558928602530606,
            "min": 0.1146435862062693,
            "max": 0.15558928602530606,
            "count": 100
        },
        "IARedNeuronal.Losses.PolicyLoss.sum": {
            "value": 0.6223571441012242,
            "min": 0.3990730252844515,
            "max": 0.7391138121771458,
            "count": 100
        },
        "IARedNeuronal.Losses.ValueLoss.mean": {
            "value": 0.01193016136272086,
            "min": 0.004454933128727134,
            "max": 0.015574514257928563,
            "count": 100
        },
        "IARedNeuronal.Losses.ValueLoss.sum": {
            "value": 0.04772064545088344,
            "min": 0.017819732514908537,
            "max": 0.06585190296173095,
            "count": 100
        },
        "IARedNeuronal.Policy.LearningRate.mean": {
            "value": 1.2955295681899976e-06,
            "min": 1.2955295681899976e-06,
            "max": 0.000298464000512,
            "count": 100
        },
        "IARedNeuronal.Policy.LearningRate.sum": {
            "value": 5.18211827275999e-06,
            "min": 5.18211827275999e-06,
            "max": 0.0013872237975920802,
            "count": 100
        },
        "IARedNeuronal.Policy.Epsilon.mean": {
            "value": 0.10043181,
            "min": 0.10043181,
            "max": 0.199488,
            "count": 100
        },
        "IARedNeuronal.Policy.Epsilon.sum": {
            "value": 0.40172724,
            "min": 0.35850368,
            "max": 0.9624079200000002,
            "count": 100
        },
        "IARedNeuronal.Policy.Beta.mean": {
            "value": 3.154731899999996e-05,
            "min": 3.154731899999996e-05,
            "max": 0.004974451200000001,
            "count": 100
        },
        "IARedNeuronal.Policy.Beta.sum": {
            "value": 0.00012618927599999984,
            "min": 0.00012618927599999984,
            "max": 0.023124155208000003,
            "count": 100
        },
        "IARedNeuronal.IsTraining.mean": {
            "value": 1.0,
            "min": 1.0,
            "max": 1.0,
            "count": 100
        },
        "IARedNeuronal.IsTraining.sum": {
            "value": 1.0,
            "min": 1.0,
            "max": 1.0,
            "count": 100
        },
        "IARedNeuronal.Environment.EpisodeLength.mean": {
            "value": 1139.5714285714287,
            "min": 276.6666666666667,
            "max": 1852.0,
            "count": 98
        },
        "IARedNeuronal.Environment.EpisodeLength.sum": {
            "value": 15954.0,
            "min": 982.0,
            "max": 24666.0,
            "count": 98
        },
        "IARedNeuronal.Self-play.ELO.mean": {
            "value": 701.8589128790879,
            "min": 701.8589128790879,
            "max": 1199.0015013793627,
            "count": 98
        },
        "IARedNeuronal.Self-play.ELO.sum": {
            "value": 9826.02478030723,
            "min": 1420.8960644352976,
            "max": 23469.63306328951,
            "count": 98
        },
        "IARedNeuronal.Environment.CumulativeReward.mean": {
            "value": 3.9326449760368893,
            "min": -1.5580036113969982,
            "max": 4.1497325375676155,
            "count": 98
        },
        "IARedNeuronal.Environment.CumulativeReward.sum": {
            "value": 55.05702966451645,
            "min": -13.497044518589973,
            "max": 60.561200343072414,
            "count": 98
        },
        "IARedNeuronal.Policy.ExtrinsicReward.mean": {
            "value": 3.9326449760368893,
            "min": -1.5580036113969982,
            "max": 4.1497325375676155,
            "count": 98
        },
        "IARedNeuronal.Policy.ExtrinsicReward.sum": {
            "value": 55.05702966451645,
            "min": -13.497044518589973,
            "max": 60.561200343072414,
            "count": 98
        }
    },
    "metadata": {
        "timer_format_version": "0.1.0",
        "start_time_seconds": "1718282483",
        "python_version": "3.9.16 (main, Dec 21 2022, 00:34:06) [MSC v.1929 64 bit (AMD64)]",
        "command_line_arguments": "C:\\Users\\Fran\\Documents\\GitHub\\JuegoTFG_IA\\mlagents\\Scripts\\mlagents-learn configurations/configuracionTrainingLSTM0.yaml --run-id EntrenamientoLSTM0-0 --quality 0 --time-scale 1",
        "mlagents_version": "0.30.0",
        "mlagents_envs_version": "0.30.0",
        "communication_protocol_version": "1.5.0",
        "pytorch_version": "2.2.2+cu121",
        "numpy_version": "1.21.2",
        "end_time_seconds": "1718289041"
    },
    "total": 6558.2949179,
    "count": 1,
    "self": 0.005638499998894986,
    "children": {
        "run_training.setup": {
            "total": 0.04767710000000003,
            "count": 1,
            "self": 0.04767710000000003
        },
        "TrainerController.start_learning": {
            "total": 6558.2416023000005,
            "count": 1,
            "self": 2.025630699939029,
            "children": {
                "TrainerController._reset_env": {
                    "total": 13.01892459999989,
                    "count": 50,
                    "self": 13.01892459999989
                },
                "TrainerController.advance": {
                    "total": 6543.0098302000615,
                    "count": 100765,
                    "self": 1.8260149000434467,
                    "children": {
                        "env_step": {
                            "total": 5434.821782099986,
                            "count": 100765,
                            "self": 4328.828045200166,
                            "children": {
                                "SubprocessEnvManager._take_step": {
                                    "total": 1103.5473806998461,
                                    "count": 100765,
                                    "self": 11.6216768999318,
                                    "children": {
                                        "TorchPolicy.evaluate": {
                                            "total": 1091.9257037999143,
                                            "count": 100765,
                                            "self": 1091.9257037999143
                                        }
                                    }
                                },
                                "workers": {
                                    "total": 2.4463561999736374,
                                    "count": 100765,
                                    "self": 0.0,
                                    "children": {
                                        "worker_root": {
                                            "total": 6544.699324000041,