{
    "name": "root",
    "gauges": {
        "IARedNeuronal.Policy.Entropy.mean": {
            "value": 0.1475316435098648,
            "min": 0.1475316435098648,
            "max": 0.7753568887710571,
            "count": 100
        },
        "IARedNeuronal.Policy.Entropy.sum": {
            "value": 36022.359375,
            "min": 27760.06640625,
            "max": 322516.34375,
            "count": 100
        },
        "IARedNeuronal.Environment.EpisodeLength.mean": {
            "value": 2841.5238095238096,
            "min": 136.0,
            "max": 5547.68085106383,
            "count": 100
        },
        "IARedNeuronal.Environment.EpisodeLength.sum": {
            "value": 119344.0,
            "min": 408.0,
            "max": 521482.0,
            "count": 100
        },
        "IARedNeuronal.Self-play.ELO.mean": {
            "value": 1348.5336549029796,
            "min": 1142.7986305250868,
            "max": 1348.5336549029796,
            "count": 100
        },
        "IARedNeuronal.Self-play.ELO.sum": {
            "value": 9439.735584320857,
            "min": 3573.0276090833922,
            "max": 24482.13370581207,
            "count": 100
        },
        "IARedNeuronal.Step.mean": {
            "value": 4999960.0,
            "min": 49947.0,
            "max": 4999960.0,
            "count": 100
        },
        "IARedNeuronal.Step.sum": {
            "value": 4999960.0,
            "min": 49947.0,
            "max": 4999960.0,
            "count": 100
        },
        "IARedNeuronal.Policy.ExtrinsicValueEstimate.mean": {
            "value": -0.03096058778464794,
            "min": -0.16337677836418152,
            "max": -0.01561445090919733,
            "count": 100
        },
        "IARedNeuronal.Policy.ExtrinsicValueEstimate.sum": {
            "value": -24.24213981628418,
            "min": -127.7606430053711,
            "max": -12.272958755493164,
            "count": 100
        },
        "IARedNeuronal.Policy.GailValueEstimate.mean": {
            "value": 1.6303565502166748,
            "min": 1.0345672369003296,
            "max": 4.59592866897583,
            "count": 100
        },
        "IARedNeuronal.Policy.GailValueEstimate.sum": {
            "value": 1276.5692138671875,
            "min": 812.13525390625,
            "max": 3594.01611328125,
            "count": 100
        },
        "IARedNeuronal.Environment.CumulativeReward.mean": {
            "value": -1.4276854736464364,
            "min": -2.982848644256592,
            "max": -0.32478069588541986,
            "count": 100
        },
        "IARedNeuronal.Environment.CumulativeReward.sum": {
            "value": -9.993798315525055,
            "min": -29.4369332510978,
            "max": -1.6239034794270992,
            "count": 100
        },
        "IARedNeuronal.Policy.ExtrinsicReward.mean": {
            "value": -1.4276854736464364,
            "min": -2.982848644256592,
            "max": -0.32478069588541986,
            "count": 100
        },
        "IARedNeuronal.Policy.ExtrinsicReward.sum": {
            "value": -9.993798315525055,
            "min": -29.4369332510978,
            "max": -1.6239034794270992,
            "count": 100
        },
        "IARedNeuronal.Policy.GailReward.mean": {
            "value": 296.57027843900556,
            "min": 57.849110330854145,
            "max": 846.0724600097587,
            "count": 100
        },
        "IARedNeuronal.Policy.GailReward.sum": {
            "value": 2075.991949073039,
            "min": 211.75123405456543,
            "max": 9306.797060107347,
            "count": 100
        },
        "IARedNeuronal.Losses.PolicyLoss.mean": {
            "value": 0.02553894603004058,
            "min": 0.0220958148362115,
            "max": 0.030135013632631547,
            "count": 100
        },
        "IARedNeuronal.Losses.PolicyLoss.sum": {
            "value": 0.1276947301502029,
            "min": 0.07112857057077307,
            "max": 0.14696937017142772,
            "count": 100
        },
        "IARedNeuronal.Losses.ValueLoss.mean": {
            "value": 0.41788640697797136,
            "min": 0.09360773740643329,
            "max": 0.6467061324914296,
            "count": 100
        },
        "IARedNeuronal.Losses.ValueLoss.sum": {
            "value": 2.0894320348898567,
            "min": 0.36733378115154447,
            "max": 3.2335306624571483,
            "count": 100
        },
        "IARedNeuronal.Policy.LearningRate.mean": {
            "value": 1.486179504639994e-06,
            "min": 1.486179504639994e-06,
            "max": 0.0002981056606314466,
            "count": 100
        },
        "IARedNeuronal.Policy.LearningRate.sum": {
            "value": 7.43089752319997e-06,
            "min": 7.43089752319997e-06,
            "max": 0.00141739166753612,
            "count": 100
        },
        "IARedNeuronal.Policy.Epsilon.mean": {
            "value": 0.10049535999999999,
            "min": 0.10049535999999999,
            "max": 0.19936855333333334,
            "count": 100
        },
        "IARedNeuronal.Policy.Epsilon.sum": {
            "value": 0.5024768,
            "min": 0.4141547200000001,
            "max": 0.9724638800000001,
            "count": 100
        },
        "IARedNeuronal.Policy.Beta.mean": {
            "value": 3.471846399999991e-05,
            "min": 3.471846399999991e-05,
            "max": 0.004968490811333334,
            "count": 100
        },
        "IARedNeuronal.Policy.Beta.sum": {
            "value": 0.00017359231999999954,
            "min": 0.00017359231999999954,
            "max": 0.023625947612,
            "count": 100
        },
        "IARedNeuronal.Policy.GAILPolicyEstimate.mean": {
            "value": 0.17498021930456162,
            "min": 0.13233363668123882,
            "max": 0.3707073909265024,
            "count": 100
        },
        "IARedNeuronal.Policy.GAILPolicyEstimate.sum": {
            "value": 0.8749010965228081,
            "min": 0.5644217225858289,
            "max": 1.2392727777361872,
            "count": 100
        },
        "IARedNeuronal.Policy.GAILExpertEstimate.mean": {
            "value": 0.808425412575404,
            "min": 0.7141741580433316,
            "max": 0.8538558664612281,
            "count": 100
        },
        "IARedNeuronal.Policy.GAILExpertEstimate.sum": {
            "value": 4.04212706287702,
            "min": 2.142522474129995,
            "max": 4.174688007434209,
            "count": 100
        },
        "IARedNeuronal.Losses.GAILLoss.mean": {
            "value": 0.497689391374588,
            "min": 0.3824125516600225,
            "max": 0.8201180299123129,
            "count": 100
        },
        "IARedNeuronal.Losses.GAILLoss.sum": {
            "value": 2.48844695687294,
            "min": 1.52965020664009,
            "max": 3.341229690114657,
            "count": 100
        },
        "IARedNeuronal.Policy.GAILGradMagLoss.mean": {
            "value": 0.061781523823738096,
            "min": 0.06042231410741805,
            "max": 0.1070753624344356,
            "count": 100
        },
        "IARedNeuronal.Policy.GAILGradMagLoss.sum": {
            "value": 0.30890761911869047,
            "min": 0.22660234357629502,
            "max": 0.44126242138445376,
            "count": 100
        },
        "IARedNeuronal.Losses.PretrainingLoss.mean": {
            "value": 0.0,
            "min": 0.0,
            "max": 0.3969118971755539,
            "count": 100
        },
        "IARedNeuronal.Losses.PretrainingLoss.sum": {
            "value": 0.0,
            "min": 0.0,
            "max": 1.1907356915266618,
            "count": 100
        },
        "IARedNeuronal.IsTraining.mean": {
            "value": 1.0,
            "min": 1.0,
            "max": 1.0,
            "count": 100
        },
        "IARedNeuronal.IsTraining.sum": {
            "value": 1.0,
            "min": 1.0,
            "max": 1.0,