{
    "name": "root",
    "gauges": {
        "IARedNeuronal.Policy.Entropy.mean": {
            "value": 1.4237264394760132,
            "min": 1.4148128032684326,
            "max": 1.4237264394760132,
            "count": 6
        },
        "IARedNeuronal.Policy.Entropy.sum": {
            "value": 93322.421875,
            "min": 55981.8671875,
            "max": 113515.078125,
            "count": 6
        },
        "IARedNeuronal.Step.mean": {
            "value": 349967.0,
            "min": 49984.0,
            "max": 349967.0,
            "count": 7
        },
        "IARedNeuronal.Step.sum": {
            "value": 349967.0,
            "min": 49984.0,
            "max": 349967.0,
            "count": 7
        },
        "IARedNeuronal.Policy.ExtrinsicValueEstimate.mean": {
            "value": 0.5241502523422241,
            "min": -0.1774374097585678,
            "max": 0.5241502523422241,
            "count": 7
        },
        "IARedNeuronal.Policy.ExtrinsicValueEstimate.sum": {
            "value": 425.08587646484375,
            "min": -147.7071533203125,
            "max": 425.08587646484375,
            "count": 7
        },
        "IARedNeuronal.Policy.GailValueEstimate.mean": {
            "value": 0.5571630597114563,
            "min": 0.011798704974353313,
            "max": 1.4586338996887207,
            "count": 7
        },
        "IARedNeuronal.Policy.GailValueEstimate.sum": {
            "value": 451.8592529296875,
            "min": 9.214788436889648,
            "max": 1140.6517333984375,
            "count": 7
        },
        "IARedNeuronal.IsTraining.mean": {
            "value": 1.0,
            "min": 1.0,
            "max": 1.0,
            "count": 7
        },
        "IARedNeuronal.IsTraining.sum": {
            "value": 1.0,
            "min": 1.0,
            "max": 1.0,
            "count": 7
        },
        "IARedNeuronal.Losses.PolicyLoss.mean": {
            "value": 0.023304548981722663,
            "min": 0.023304548981722663,
            "max": 0.026664183044240963,
            "count": 5
        },
        "IARedNeuronal.Losses.PolicyLoss.sum": {
            "value": 0.09321819592689065,
            "min": 0.02443127289359122,
            "max": 0.09993305860699309,
            "count": 5
        },
        "IARedNeuronal.Losses.ValueLoss.mean": {
            "value": 0.2863035544063447,
            "min": 0.06874006708017272,
            "max": 0.2863035544063447,
            "count": 5
        },
        "IARedNeuronal.Losses.ValueLoss.sum": {
            "value": 1.1452142176253788,
            "min": 0.06874006708017272,
            "max": 1.1452142176253788,
            "count": 5
        },
        "IARedNeuronal.Policy.LearningRate.mean": {
            "value": 0.00028043631652122997,
            "min": 0.00028043631652122997,
            "max": 0.00029520000159999994,
            "count": 5
        },
        "IARedNeuronal.Policy.LearningRate.sum": {
            "value": 0.0011217452660849199,
            "min": 0.0002872413042529,
            "max": 0.0011336661221113,
            "count": 5
        },
        "IARedNeuronal.Policy.Epsilon.mean": {
            "value": 0.19347877000000002,
            "min": 0.19347877000000002,
            "max": 0.19839999999999997,
            "count": 5
        },
        "IARedNeuronal.Policy.Epsilon.sum": {
            "value": 0.7739150800000001,
            "min": 0.19574709999999995,
            "max": 0.7778886999999999,
            "count": 5
        },
        "IARedNeuronal.Policy.Beta.mean": {
            "value": 0.004674590623,
            "min": 0.004674590623,
            "max": 0.004920160000000001,
            "count": 5
        },
        "IARedNeuronal.Policy.Beta.sum": {
            "value": 0.018698362492,
            "min": 0.004787780290000001,
            "max": 0.018896646129999993,
            "count": 5
        },
        "IARedNeuronal.Policy.GAILPolicyEstimate.mean": {
            "value": 0.1069165471960409,
            "min": 0.1069165471960409,
            "max": 0.28867136903552926,
            "count": 5
        },
        "IARedNeuronal.Policy.GAILPolicyEstimate.sum": {
            "value": 0.4276661887841636,
            "min": 0.12702330104297116,
            "max": 0.5189360966546493,
            "count": 5
        },
        "IARedNeuronal.Policy.GAILExpertEstimate.mean": {
            "value": 0.9822653438302558,
            "min": 0.7663632705170884,
            "max": 0.9822653438302558,
            "count": 5
        },
        "IARedNeuronal.Policy.GAILExpertEstimate.sum": {
            "value": 3.929061375321023,
            "min": 0.7663632705170884,
            "max": 3.929061375321023,
            "count": 5
        },
        "IARedNeuronal.Losses.GAILLoss.mean": {
            "value": 0.16007281524688582,
            "min": 0.16007281524688582,
            "max": 0.699981994735889,
            "count": 5
        },
        "IARedNeuronal.Losses.GAILLoss.sum": {
            "value": 0.6402912609875433,
            "min": 0.2164391213584514,
            "max": 0.8605076555010172,
            "count": 5
        },
        "IARedNeuronal.Policy.GAILGradMagLoss.mean": {
            "value": 0.7669713504160895,
            "min": 0.7669713504160895,
            "max": 2.259201790150414,
            "count": 5
        },
        "IARedNeuronal.Policy.GAILGradMagLoss.sum": {
            "value": 3.067885401664358,
            "min": 1.3377694174579289,
            "max": 7.163980321368278,
            "count": 5
        },
        "IARedNeuronal.Environment.EpisodeLength.mean": {
            "value": 282.75735294117646,
            "min": 31.576512455516013,
            "max": 282.75735294117646,
            "count": 5
        },
        "IARedNeuronal.Environment.EpisodeLength.sum": {
            "value": 38455.0,
            "min": 8873.0,
            "max": 39322.0,
            "count": 5
        },
        "IARedNeuronal.Self-play.ELO.mean": {
            "value": 633.8941330984094,
            "min": 633.8941330984094,
            "max": 1148.6262989464835,
            "count": 5
        },
        "IARedNeuronal.Self-play.ELO.sum": {
            "value": 38033.647985904565,
            "min": 38033.647985904565,
            "max": 288759.9800692478,
            "count": 5
        },
        "IARedNeuronal.Environment.CumulativeReward.mean": {
            "value": 7.491480986028909,
            "min": -0.9777561453466371,
            "max": 7.491480986028909,
            "count": 5
        },
        "IARedNeuronal.Environment.CumulativeReward.sum": {
            "value": 449.4888591617346,
            "min": -264.4665628671646,
            "max": 449.4888591617346,
            "count": 5
        },
        "IARedNeuronal.Policy.ExtrinsicReward.mean": {
            "value": 0.7491481030010618,
            "min": -0.0977756163792503,
            "max": 0.7491481030010618,
            "count": 5
        },
        "IARedNeuronal.Policy.ExtrinsicReward.sum": {
            "value": 44.94888618006371,
            "min": -26.446656692773104,
            "max": 44.94888618006371,
            "count": 5
        },
        "IARedNeuronal.Policy.GailReward.mean": {
            "value": 53.35133292545336,
            "min": 3.4533518978921856,
            "max": 53.35133292545336,
            "count": 5
        },
        "IARedNeuronal.Policy.GailReward.sum": {
            "value": 3201.079975527202,
            "min": 970.3918833077041,
            "max": 5695.94977452606,
            "count": 5
        }
    },
    "metadata": {
        "timer_format_version": "0.1.0",
        "start_time_seconds": "1713804975",
        "python_version": "3.9.16 (main, Dec 21 2022, 00:34:06) [MSC v.1929 64 bit (AMD64)]",
        "command_line_arguments": "C:\\Users\\Fran\\Documents\\GitHub\\JuegoTFG_IA\\mlagents\\Scripts\\mlagents-learn results\\configuration.yaml --force --run-id ImitationLearning01",