{"count":1,"self":1779.9567359999999,"total":7991.4253991999994,"children":{"InitializeActuators":{"count":1308,"self":0.0040065,"total":0.0040065,"children":null},"InitializeSensors":{"count":1308,"self":0.0010536999999999999,"total":0.0010536999999999999,"children":null},"AgentSendState":{"count":393309,"self":5.2836256,"total":30.767710899999997,"children":{"CollectObservations":{"count":2408971,"self":4.7247791999999995,"total":4.7247794,"children":null},"WriteActionMask":{"count":2408971,"self":0.83678679999999994,"total":0.83678679999999994,"children":null},"RequestDecision":{"count":2408971,"self":5.0476412,"total":19.9225192,"children":{"AgentInfo.ToProto":{"count":2408971,"self":3.7992223999999997,"total":14.874877999999999,"children":{"GenerateSensorData":{"count":2408971,"self":11.075655999999999,"total":11.075655699999999,"children":null}}}}}}},"DecideAction":{"count":393309,"self":6178.9102079999993,"total":6178.9103172,"children":null},"AgentAct":{"count":393309,"self":1.7596078,"total":1.7596078,"children":null},"AgentInfo.ToProto":{"count":1408,"self":0.0110013,"total":0.0250015,"children":{"GenerateSensorData":{"count":1408,"self":0.014000199999999999,"total":0.014000199999999999,"children":null}}}},"gauges":{"IARedNeuronal.CumulativeReward":{"count":1408,"max":32.74678,"min":-3.02306175,"runningAverage":-1.61053061,"value":0.488184482,"weightedAverage":-1.81457782}},"metadata":{"timer_format_version":"0.1.0","start_time_seconds":"1718470147","unity_version":"2022.3.5f1","command_line_arguments":"C:\\Program Files\\Unity\\Hub\\Editor\\2022.3.5f1\\Editor\\Unity.exe -projectpath C:\\Users\\Fran\\Documents\\GitHub\\JuegoTFG_IA -useHub -hubIPC -cloudEnvironment production -licensingIpc LicenseClient-Fran -hubSessionId 01607f50-81a7-4e4c-af7f-61d345d1f9c6 -accessToken 3eQ1gTIIgI4bknraZnezTVmMjrFHWUY4TnzDjVrNdnc012f","communication_protocol_version":"1.5.0","com.unity.ml-agents_version":"2.0.1","scene_name":"EscenaEntrenamiento","end_time_seconds":"1718478138"}}