{
    "name": "root",
    "gauges": {
        "IARedNeuronal.Policy.Entropy.mean": {
            "value": 4.240333557128906,
            "min": 1.418938398361206,
            "max": 6.332318305969238,
            "count": 5
        },
        "IARedNeuronal.Policy.Entropy.sum": {
            "value": 106724.9609375,
            "min": 106724.9609375,
            "max": 904749.125,
            "count": 5
        },
        "IARedNeuronal.Environment.EpisodeLength.mean": {
            "value": 215.94117647058823,
            "min": 51.05882352941177,
            "max": 215.94117647058823,
            "count": 5
        },
        "IARedNeuronal.Environment.EpisodeLength.sum": {
            "value": 3671.0,
            "min": 3671.0,
            "max": 215709.0,
            "count": 5
        },
        "IARedNeuronal.Step.mean": {
            "value": 99960.0,
            "min": 49936.0,
            "max": 99960.0,
            "count": 5
        },
        "IARedNeuronal.Step.sum": {
            "value": 99960.0,
            "min": 49936.0,
            "max": 99960.0,
            "count": 5
        },
        "IARedNeuronal.Policy.ExtrinsicValueEstimate.mean": {
            "value": 21109.23046875,
            "min": -12488.322265625,
            "max": 21109.23046875,
            "count": 5
        },
        "IARedNeuronal.Policy.ExtrinsicValueEstimate.sum": {
            "value": 16739620.0,
            "min": -54411620.0,
            "max": 16739620.0,
            "count": 5
        },
        "IARedNeuronal.Environment.CumulativeReward.mean": {
            "value": -0.7230582285453292,
            "min": -9.792394627153485,
            "max": -0.7230582285453292,
            "count": 5
        },
        "IARedNeuronal.Environment.CumulativeReward.sum": {
            "value": -12.291989885270596,
            "min": -8979.488911559805,
            "max": -12.291989885270596,
            "count": 5
        },
        "IARedNeuronal.Policy.ExtrinsicReward.mean": {
            "value": -0.08892401313299642,
            "min": -0.9792394628809169,
            "max": -0.08892401313299642,
            "count": 5
        },
        "IARedNeuronal.Policy.ExtrinsicReward.sum": {
            "value": -1.5117082232609391,
            "min": -924.743498478143,
            "max": -1.5117082232609391,
            "count": 5
        },
        "IARedNeuronal.IsTraining.mean": {
            "value": 1.0,
            "min": 1.0,
            "max": 1.0,
            "count": 5
        },
        "IARedNeuronal.IsTraining.sum": {
            "value": 1.0,
            "min": 1.0,
            "max": 1.0,
            "count": 5
        },
        "IARedNeuronal.Losses.PolicyLoss.mean": {
            "value": 0.18769600535037392,
            "min": 0.18769600535037392,
            "max": 0.25186404357852205,
            "count": 4
        },
        "IARedNeuronal.Losses.PolicyLoss.sum": {
            "value": 0.7507840214014957,
            "min": 0.395010927878787,
            "max": 4.029824697256353,
            "count": 4
        },
        "IARedNeuronal.Losses.ValueLoss.mean": {
            "value": 3901330.002396562,
            "min": 3901330.002396562,
            "max": 531449093062412.9,
            "count": 4
        },
        "IARedNeuronal.Losses.ValueLoss.sum": {
            "value": 15605320.009586249,
            "min": 15605320.009586249,
            "max": 8503185488998606.0,
            "count": 4
        },
        "IARedNeuronal.Policy.LearningRate.mean": {
            "value": 0.02995538820014871,
            "min": 0.02995538820014871,
            "max": 0.029987364225042116,
            "count": 4
        },
        "IARedNeuronal.Policy.LearningRate.sum": {
            "value": 0.11982155280059484,
            "min": 0.05994601440017995,
            "max": 0.47979782760067385,
            "count": 4
        },
        "IARedNeuronal.Policy.Epsilon.mean": {
            "value": 0.19985129400000004,
            "min": 0.19985129400000004,
            "max": 0.19995788075,
            "count": 4
        },
        "IARedNeuronal.Policy.Epsilon.sum": {
            "value": 0.7994051760000002,
            "min": 0.39982004799999993,
            "max": 3.199326092,
            "count": 4
        },
        "IARedNeuronal.Policy.Beta.mean": {
            "value": 0.0049925795706,
            "min": 0.0049925795706,
            "max": 0.004997898249425,
            "count": 4
        },
        "IARedNeuronal.Policy.Beta.sum": {
            "value": 0.0199703182824,
            "min": 0.009991020395200001,
            "max": 0.0799663719908,
            "count": 4
        }
    },
    "metadata": {
        "timer_format_version": "0.1.0",
        "start_time_seconds": "1713976624",
        "python_version": "3.9.16 (main, Dec 21 2022, 00:34:06) [MSC v.1929 64 bit (AMD64)]",
        "command_line_arguments": "C:\\Users\\Fran\\Documents\\GitHub\\JuegoTFG_IA\\mlagents\\Scripts\\mlagents-learn results/configurationOnlyOne.yaml --run-id OnlyOne --force",
        "mlagents_version": "0.30.0",
        "mlagents_envs_version": "0.30.0",
        "communication_protocol_version": "1.5.0",
        "pytorch_version": "2.2.1+cpu",
        "numpy_version": "1.21.2",
        "end_time_seconds": "1713977106"
    },
    "total": 481.9654885,
    "count": 1,
    "self": 0.0023864999999432257,
    "children": {
        "run_training.setup": {
            "total": 0.05263709999999966,
            "count": 1,
            "self": 0.05263709999999966
        },
        "TrainerController.start_learning": {
            "total": 481.9104649,
            "count": 1,
            "self": 0.008967499999698703,
            "children": {
                "TrainerController._reset_env": {
                    "total": 46.500696,
                    "count": 1,
                    "self": 46.500696
                },
                "TrainerController.advance": {
                    "total": 435.29024980000037,
                    "count": 505,
                    "self": 0.010161799999934829,
                    "children": {
                        "env_step": {
                            "total": 116.03406290000004,
                            "count": 505,
                            "self": 87.22208179999997,
                            "children": {
                                "SubprocessEnvManager._take_step": {
                                    "total": 28.807010399999804,
                                    "count": 505,
                                    "self": 0.42504900000169954,
                                    "children": {
                                        "TorchPolicy.evaluate": {
                                            "total": 28.381961399998104,
                                            "count": 10646,
                                            "self": 28.381961399998104
                                        }
                                    }
                                },
                                "workers": {
                                    "total": 0.004970700000264117,
                                    "count": 504,
                                    "self": 0.0,
                                    "children": {
                                        "worker_root": {
                                            "total": 435.6045804000005,
                                            "count": 504,
                                            "is_parallel": true,
                                            "self": 359.8402496000004,
                                            "children": {
                                                "steps_from_proto": {
                                                    "total": 0.009822800000002019,
                                                    "count": 1,
                                                    "is_parallel": true,